Date,Sensex_Price,Sensex_Open,Sensex_High,Sensex_Low,Sensex_Vol.,Sensex_Change %,NYSE_Price,NYSE_Open,NYSE_High,NYSE_Low,NYSE_Change %,TCS_Price,TCS_Open,TCS_High,TCS_Low,TCS_Vol.,TCS_Change %,USD_Price,USD_Open,USD_High,USD_Low,USD_Change %
01/02/24,71645.3,71998.78,72151.02,71574.89,11.49,0,14652.7,14487.3,14653.2,14485.8,0.01,3854.15,3820,3904.9,3805.05,2.36,0.01,82.95,83.08,83.09,82.92,0
02/02/24,72085.63,71977.56,73089.4,71948.77,19.37,0.01,14669.9,14652.7,14737.3,14584.1,0,3966.3,3875.05,3984.4,3872,2.83,0.03,83,82.95,83.03,82.83,0
05/02/24,71731.42,72269.12,72385.93,71602.14,19.88,0,14608.8,14669.9,14669.9,14564.5,0,3973.3,3983,4022,3962.1,1.69,0,83.04,83.01,83.1,82.96,0
06/02/24,72186.09,71970.82,72261.4,71625.18,10.47,0.01,14692.8,14608.8,14692.9,14608.8,0.01,4136,3997,4149.9,3990,4.47,0.04,83.06,83.04,83.08,83.02,0
07/02/24,72152,72548.5,72559.21,71938.22,12.78,0,14784.2,14692.8,14807.7,14692.8,0.01,4083.4,4153,4155,4073.95,2.12,-0.01,82.98,83.07,83.09,82.93,0
08/02/24,71428.43,72473.42,72473.42,71230.62,14.48,-0.01,14798.8,14784.2,14805.4,14746.3,0,4134.1,4090,4158,4086.05,2.35,0.01,82.98,82.98,83.02,82.89,0
09/02/24,71595.49,71410.29,71676.49,71200.31,18.98,0,14789.2,14798.8,14812.8,14739.1,0,4133.7,4136.55,4184.75,4100,2.1,0,83,82.98,83.06,82.95,0
12/02/24,71072.49,71722.31,71756.58,70922.57,10.69,-0.01,14821.4,14789.2,14855.2,14775.2,0,4120.7,4130,4159.6,4105.55,1.01,0,82.97,83.03,83.06,82.95,0
13/02/24,71555.19,71292.08,71662.74,70924.3,8.07,0.01,14667.3,14821.4,14821.4,14575.8,-0.01,4149.5,4125.45,4170,4081.5,1.26,0.01,83.1,83.01,83.12,82.96,0
14/02/24,71822.83,71035.25,71938.59,70809.84,10.69,0,14783.3,14667.3,14789.1,14667.3,0.01,4100.1,4107,4114.9,4049.5,1.39,-0.01,83.03,83.1,83.12,83.02,0
15/02/24,72050.38,72061.47,72164.97,71644.44,8.19,0,14942.6,14783.3,14957.9,14783.3,0.01,4103.2,4128,4146.3,4083,1.09,0,82.99,83.04,83.08,82.98,0
16/02/24,72426.64,72406.02,72545.33,72218.1,15.15,0.01,14937.4,14942.6,15009,14895.3,0,4128.3,4113.25,4147.95,4100.1,1.31,0.01,83.01,82.99,83.05,82.98,0
19/02/24,72708.16,72627.6,72881.93,72308.68,8.41,0,14937.4,14942.6,15009,14895.3,0,4103.8,4123.05,4128.3,4055,772.29,-0.01,83.03,82.99,83.06,82.95,0
20/02/24,73057.4,72727.87,73130.69,72510.24,7.73,0,14868.9,14937.4,14940.7,14845.7,0,4030.65,4082.1,4098,4010,1.19,-0.02,82.89,83.03,83.04,82.86,0
21/02/24,72623.09,73267.48,73267.8,72450.56,13.91,-0.01,14924.7,14868.9,14928.3,14825.1,0,3991.5,4013,4063.35,3980.6,1.89,-0.01,82.93,82.9,82.98,82.84,0
22/02/24,73158.24,72677.51,73256.39,72081.36,9.13,0.01,15090.9,14924.7,15122,14924.7,0.01,4087.1,3971,4094.95,3971,2.98,0.02,82.84,82.93,82.97,82.81,0
23/02/24,73142.8,73394.44,73413.93,73022,11.95,0,15136.5,15090.9,15170.4,15090.9,0,4052.1,4130,4130,4046.4,2.54,-0.01,82.86,82.85,82.97,82.85,0
26/02/24,72790.13,73044.81,73092.26,72666.82,7.87,0,15088,15136.5,15180,15077.8,0,4001.05,4036,4050,3982.75,1.38,-0.01,82.85,82.87,82.91,82.85,0
27/02/24,73095.22,72723.53,73161.3,72660.13,8.26,0,15091.2,15088,15098.1,15049.5,0,4104.4,3999,4124,3999,2.96,0.03,82.88,82.9,82.92,82.84,0
28/02/24,72304.88,73162.82,73223.11,72222.29,6.17,-0.01,15106.1,15091.2,15120.5,15045.6,0,4118.95,4095.6,4154.9,4089,1.94,0,82.9,82.92,82.97,82.86,0
29/02/24,72500.3,72220.57,72730,72099.32,18.55,0,15081.3,15106.1,15126.9,15045.3,0,4095.1,4099,4138.1,4064.55,3.77,-0.01,82.9,82.91,82.96,82.86,0
01/03/24,73745.35,72606.31,73819.21,72591.14,20.65,0.02,15146.9,15081.3,15158,15065.7,0,4094.35,4107.2,4140,4086.8,2.04,0,82.84,82.93,82.93,82.84,0
02/03/24,73806.15,73848.19,73994.7,73778.14,2.96,0,15146.9,15081.3,15158,15065.7,0,4107.1,4125.05,4129.5,4091.1,65.06,0,82.84,82.93,82.93,82.84,0
04/03/24,73872.29,73903.09,73990.13,73747.01,14.19,0,15141.4,15146.9,15175.5,15104.5,0,4080.7,4105,4117.9,4075.9,1.75,-0.01,82.91,82.85,82.94,82.83,0
05/03/24,73677.13,73767.42,73915.54,73412.25,21.23,0,15075.8,15141.4,15174.7,15021.4,0,4012.1,4062,4064,3980,2.07,-0.02,82.89,82.91,82.94,82.86,0
06/03/24,74085.99,73587.7,74151.27,73321.48,13.29,0.01,15149.6,15075.8,15213.3,15075.8,0,4064.3,3994.05,4072,3958.45,1.74,0.01,82.78,82.9,82.92,82.8,0
07/03/24,74119.39,74242.74,74245.17,73921.48,15.97,0,15194.8,15149.6,15228.9,15149.6,0,4108.6,4065,4124,4037.7,2.69,0.01,82.71,82.82,82.85,82.67,0
11/03/24,73502.64,74175.93,74187.35,73433.91,9.8,-0.01,15204.2,15184,15207.1,15078,0,4122.35,4089,4153,4089,2.3,0,82.72,82.75,82.78,82.65,0
12/03/24,73667.96,73516.42,74004.16,73342.12,9.63,0,15298.9,15204.2,15329.1,15204.2,0.01,4192.25,4122.35,4229.95,4121.05,4.04,0.02,82.79,82.74,82.84,82.72,0
13/03/24,72761.89,73993.4,74052.75,72515.71,452.05,-0.01,15336,15298.9,15383,15290,0,4149,4205,4241,4131.9,2.84,-0.01,82.82,82.83,82.92,82.77,0
14/03/24,73097.28,72570.1,73364.3,72497.19,9.99,0,15286.4,15336,15371.8,15210.5,0,4207.6,4153.45,4225,4086,2.92,0.01,82.92,82.83,82.95,82.8,0
15/03/24,72643.43,72886.77,72998.07,72484.82,22.32,-0.01,15232.5,15286.4,15286.4,15203.1,0,4219.25,4192.6,4239,4177,3.37,0,82.88,82.99,83,82.82,0
18/03/24,72748.42,72587.3,72985.89,72314.16,11.02,0,15278.7,15232.5,15312.4,15226.9,0,4152.5,4215.25,4254.75,4117.85,1.53,-0.02,82.9,82.89,82.94,82.83,0
19/03/24,72012.05,72462.94,72490.09,71933.35,38.39,-0.01,15385.7,15278.7,15391.4,15268.7,0.01,3977.3,4051.25,4058,3966.6,8.93,-0.04,83.01,82.94,83.06,82.9,0
20/03/24,72101.69,72036.86,72402.67,71674.42,8.28,0,15479.7,15385.7,15483.6,15342.4,0.01,3970.9,3986,4018,3960.2,1.82,0,83.17,83.05,83.23,82.99,0
21/03/24,72641.19,72507.36,72882.46,72416.03,12.94,0.01,15539.5,15479.7,15589.1,15479.7,0,3972.95,3990.05,4008.4,3948,3.83,0,83.17,83.12,83.24,83.03,0
22/03/24,72831.94,72231.66,73115.62,72172.09,26.08,0,15445.5,15539.5,15560.9,15445.3,-0.01,3910.9,3897,3938,3855,5.85,-0.02,83.58,83.23,83.73,83.21,0
26/03/24,72470.3,72396.97,72705.29,72363.03,30.62,-0.01,15400.4,15409.5,15445.3,15398.9,0,3877.5,3875,3946.7,3871.45,3.44,-0.01,83.31,83.42,83.44,83.25,0
27/03/24,72996.31,72692.16,73138.73,72600.73,9.38,0.01,15581.5,15400.4,15582.3,15400.4,0.01,3840.9,3888.5,3895,3829.4,1.97,-0.01,83.29,83.37,83.48,83.29,0
28/03/24,73651.35,73149.34,74190.31,73120.33,14.88,0.01,15624.8,15581.5,15657.5,15581.5,0,3876.3,3850.1,3915,3840.5,4.31,0.01,83.35,83.37,83.42,83.31,0
01/04/24,74014.55,73968.62,74254.62,73909.39,13.09,0,15528.9,15624.8,15625.9,15502.6,-0.01,3916.75,3897.7,3933.3,3888.05,1.57,0.01,83.36,83.34,83.41,83.31,0
02/04/24,73903.91,74022.3,74099.78,73743.77,6.25,0,15446.5,15528.9,15528.9,15402.1,-0.01,3883.8,3890,3909.85,3873,2.14,-0.01,83.32,83.37,83.45,83.33,0
03/04/24,73876.82,73757.23,74151.21,73540.27,7.93,0,15436.8,15446.5,15523.5,15404.5,0,3947.3,3851,3981,3851,3.97,0.02,83.5,83.38,83.59,83.33,0
04/04/24,74227.63,74413.82,74501.73,73485.12,10.74,0,15279.5,15436.8,15540.8,15260.1,-0.01,4003.3,3975.9,4028.65,3935.25,3.39,0.01,83.34,83.48,83.51,83.35,0
05/04/24,74248.22,74287.02,74361.11,73946.92,11.3,0,15423.7,15279.5,15461.7,15279.5,0.01,3979.25,3978,4002,3960.5,1.64,-0.01,83.29,83.42,83.47,83.24,0
08/04/24,74742.5,74555.44,74869.3,74410.07,8.3,0.01,15405.2,15423.7,15441.6,15389.3,0,3972.55,3983,4032.65,3960,2.3,0,83.27,83.34,83.35,83.23,0
09/04/24,74683.7,75124.28,75124.28,74603.37,40.99,0,15393.4,15405.2,15439.8,15266,0,3946.55,3984,4015.85,3925.05,1.88,-0.01,83.18,83.27,83.29,83.17,0
10/04/24,75038.15,74953.96,75105.14,74807.55,7.08,0,15235.5,15393.4,15393.4,15171.1,-0.01,3984.65,3956.4,3990.2,3918,2.1,0.01,83.39,83.23,83.43,83.15,0
12/04/24,74244.9,74889.64,74951.88,74189.31,15.65,-0.01,14970.3,15190.1,15190.1,14927.1,-0.01,4001.4,3971,4013.35,3945.5,4.35,0,83.54,83.37,83.62,83.32,0
15/04/24,73399.78,73315.16,73905.8,73315.16,12.81,-0.01,14884.2,14970.3,15138.4,14850.1,-0.01,3941.2,4001.4,4064.2,3919.05,4.2,-0.02,83.48,83.48,83.54,83.41,0
16/04/24,72943.68,72892.14,73135.43,72685.03,9.17,-0.01,14855.4,14884.2,14931.9,14824.6,0,3872.8,3902,3928.7,3862.85,3.05,-0.02,83.64,83.53,83.7,83.47,0
18/04/24,72488.99,73183.1,73473.05,72365.67,12.41,-0.01,14866,14859.3,14962.4,14829.3,0,3862,3876.8,3936,3850,3.48,0,83.53,83.59,83.61,83.49,0
19/04/24,73088.33,71999.65,73210.17,71816.46,16.2,0.01,14944.2,14866,14975.5,14866,0.01,3826.2,3838,3852.55,3800.9,2.96,-0.01,83.36,83.55,83.72,83.36,0
22/04/24,73648.62,73666.51,73767.8,73227.32,11.05,0.01,15036.9,14944.2,15129.4,14937.1,0.01,3864.6,3837,3878,3812,1.73,0.01,83.36,83.42,83.46,83.31,0
23/04/24,73738.45,74048.94,74059.89,73688.31,6.43,0,15183.2,15036.9,15201,15036.9,0.01,3874.7,3877.05,3895,3860.6,1.81,0,83.27,83.38,83.41,83.26,0
24/04/24,73852.94,73957.57,74121.61,73788.61,6.58,0,15158.5,15183.2,15183.2,15071.9,0,3831.05,3890,3898,3824.45,1.32,-0.01,83.32,83.28,83.36,83.26,0
25/04/24,74339.44,73572.34,74571.25,73556.15,11.85,0.01,15113.3,15158.5,15158.5,14997.5,0,3852.2,3811.2,3873.65,3811,2.86,0.01,83.31,83.34,83.4,83.26,0
26/04/24,73730.16,74509.31,74515.91,73616.65,13.7,-0.01,15104.5,15113.3,15141.2,15070,0,3821.35,3855.15,3876.8,3802.55,2.04,-0.01,83.4,83.27,83.42,83.27,0
29/04/24,74671.28,73982.75,74721.15,73922.34,9.91,0.01,15133,15104.5,15167.4,15070.3,0,3870.2,3838,3877.8,3819.2,1.11,0.01,83.41,83.39,83.51,83.35,0
30/04/24,74482.78,74800.89,75111.39,74346.4,8.45,0,14994.4,15133,15136.3,14992.5,-0.01,3820.65,3872,3881.75,3810,2.2,-0.01,83.45,83.46,83.54,83.4,0
02/05/24,74611.11,74391.73,74812.43,74360.69,18.43,0,15009.8,14966.5,15046.9,14920.2,0,3863.3,3778.05,3871.1,3778.05,2.49,0.01,83.44,83.43,83.5,83.4,0
03/05/24,73878.15,75017.82,75095.18,73467.73,15.62,-0.01,15047,15009.8,15081.2,14975.6,0,3843.4,3890.15,3893.6,3797.6,2.96,-0.01,83.38,83.42,83.48,83.31,0
06/05/24,73895.54,74196.68,74359.69,73786.29,11.17,0,15179.2,15047,15179.2,15047,0.01,3921.05,3853,3939.95,3853,2.05,0.02,83.48,83.39,83.55,83.39,0
07/05/24,73511.85,73973.3,74026.8,73259.26,7.94,-0.01,15228.7,15179.2,15242.6,15179.2,0,3978.95,3930.8,3988,3913.5,2.06,0.01,83.46,83.47,83.53,83.43,0
08/05/24,73466.39,73225,73684.93,73073.92,6.49,0,15242,15228.7,15258.2,15195.6,0,3976.95,3961,3984.3,3938.6,1.25,0,83.46,83.47,83.54,83.45,0
09/05/24,72404.17,73499.49,73499.49,72334.18,9.21,-0.01,15354.1,15242,15359,15224.4,0.01,3960.2,3962,3971,3910.05,1.73,0,83.44,83.48,83.53,83.43,0
10/05/24,72664.47,72475.45,72946.54,72366.29,11.02,0,15384,15354.1,15418.5,15354.1,0,3893.9,3962.6,3973.6,3885.05,1.67,-0.02,83.54,83.45,83.56,83.45,0
13/05/24,72776.13,72476.65,72863.56,71866.01,13.88,0,15340.2,15384,15423.5,15327.8,0,3947.8,3884.5,3955,3870,931.33,0.01,83.46,83.53,83.57,83.47,0
14/05/24,73104.61,72696.72,73286.26,72683.99,7.13,0,15370.3,15340.2,15377.6,15296.4,0,3901.2,3936,3945.8,3892.9,1.06,-0.01,83.48,83.53,83.55,83.47,0
15/05/24,72987.03,73200.23,73301.47,72822.66,7.72,0,15519,15370.3,15534.4,15370.3,0.01,3880.4,3904.5,3926.95,3875.5,1.12,-0.01,83.41,83.5,83.53,83.41,0
16/05/24,73663.72,73338.24,73749.47,72529.97,9.68,0.01,15498.4,15519,15560.5,15498.4,0,3900.95,3891.1,3909.5,3843.5,2.6,0.01,83.45,83.42,83.52,83.4,0
17/05/24,73917.03,73711.31,74070.84,73459.8,11.88,0,15554.5,15498.4,15555.1,15489,0,3834.1,3919,3920,3830,2.77,-0.02,83.28,83.51,83.52,83.27,0
18/05/24,74005.94,73921.46,74162.76,73920.63,1.11,0,15554.5,15498.4,,,,3851.45,3847,3861.9,3840,91.07,0,83.28,83.51,83.52,83.27,0
21/05/24,73953.31,73842.96,74189.19,73762.37,11.03,0,15496.1,15465.6,15512.6,15460.5,0,3820.2,3830.6,3844.75,3810.05,1.91,-0.01,83.25,83.3,83.37,83.23,0
22/05/24,74221.06,74165.52,74307.79,73860.33,6.23,0,15445.3,15496.1,15505.9,15410.5,0,3832,3835,3841.25,3817.55,1.31,0,83.22,83.32,83.33,83.21,0
23/05/24,75418.04,74253.53,75499.91,74158.35,11.88,0.02,15248.7,15445.3,15445.3,15233.8,-0.01,3893.45,3840.95,3905,3825.5,2.1,0.02,83.24,83.29,83.32,83.19,0
24/05/24,75410.39,75335.45,75636.5,75244.22,10.29,0,15255.7,15248.7,15314.1,15236.2,0,3849.5,3878.25,3883.8,3844.3,1.31,-0.01,83.06,83.29,83.3,83.02,0
27/05/24,75390.5,75655.46,76009.68,75175.27,10.19,0,15255.7,15248.7,15314.1,15236.2,0,3847.05,3855,3908.35,3841.35,1.84,0,83.1,83.07,83.15,83.03,0
28/05/24,75170.45,75585.4,75585.4,75083.22,6.94,0,15158.1,15255.7,15255.7,15102.2,-0.01,3839.9,3858,3870,3830,1.8,0,83.16,83.14,83.21,83.1,0
29/05/24,74502.9,74826.94,74986.22,74454.55,8.18,-0.01,15018.7,15158.1,15158.1,15014.2,-0.01,3803.65,3848.9,3848.9,3800,1.57,-0.01,83.34,83.2,83.41,83.17,0
30/05/24,73885.6,74365.88,74493.55,73668.73,11.83,-0.01,15005,15018.7,15018.7,14943.1,0,3736.1,3777,3794.4,3715.45,2.92,-0.02,83.28,83.36,83.44,83.25,0
31/05/24,73961.31,74208.53,74478.89,73765.15,19.2,0,15251.6,15005,15258.6,15005,0.02,3670.95,3740,3749.8,3653.75,10.96,-0.02,83.42,83.32,83.5,83.24,0
03/06/24,76468.78,76583.29,76738.89,75678.43,19.34,0.03,15192.7,15251.6,15251.6,14951.5,0,3702.85,3732.8,3751.55,3696,2.16,0.01,83.08,83.12,83.19,82.95,0
04/06/24,72079.05,76285.78,76300.46,70234.43,39.08,-0.06,15209.5,15192.7,15225.2,15117.3,0,3715,3700,3745,3591.5,3.4,0,83.52,83.12,83.68,83.09,0.01
05/06/24,74382.24,73027.88,74534.82,71879.44,17.18,0.03,15259,15209.5,15261.9,15145,0,3746.45,3716,3783.8,3700,2.8,0.01,83.37,83.54,83.59,83.28,0
06/06/24,75074.51,75078.7,75297.73,74474.94,13.33,0.01,15287.3,15259,15319.8,15231.5,0,3830.4,3781,3839.9,3741.5,4.33,0.02,83.47,83.39,83.53,83.36,0
07/06/24,76693.36,75031.79,76795.31,74941.88,29,0.02,15276.3,15287.3,15373.1,15236.5,0,3893.95,3837.3,3915,3837.3,4.55,0.02,83.52,83.47,83.53,83.37,0
10/06/24,76490.08,76935.41,77079.04,76379.73,17.25,0,15313.3,15276.3,15323.7,15230.8,0,3858.7,3895,3905.9,3841.9,1.73,-0.01,83.5,83.53,83.55,83.47,0
11/06/24,76456.59,76680.9,76860.53,76296.44,6.71,0,15229.9,15313.3,15313.3,15157.3,-0.01,3852.1,3845,3879.95,3841,1.42,0,83.6,83.52,83.64,83.48,0
12/06/24,76606.57,76679.11,77050.53,76533.78,9.72,0,15220.3,15229.9,15372,15194.9,0,3831.65,3874.4,3893.5,3827.45,2.18,-0.01,83.43,83.62,83.62,83.43,0
13/06/24,76810.9,77102.05,77145.46,76719.7,7.47,0,15203.1,15220.3,15220.3,15112.6,0,3878.15,3856.8,3890,3852,1.93,0.01,83.54,83.51,83.58,83.49,0
14/06/24,76992.77,76912.38,77081.3,76549.05,12.37,0,15165.3,15203.1,15203.1,15073.3,0,3832.05,3889,3889,3828,1.86,-0.01,83.55,83.55,83.59,83.51,0
18/06/24,77301.14,77235.31,77366.77,77071.44,7.36,0,15287.5,15222.6,15307.1,15222.6,0,3815.1,3826.05,3842,3795.05,1.77,0,83.33,83.5,83.56,83.32,0
19/06/24,77337.59,77543.22,77851.63,76954.87,11.12,0,15287.5,15222.6,15307.1,15222.6,0,3801.7,3827.65,3833.85,3792.95,1.51,0,83.46,83.39,83.49,83.34,0
20/06/24,77478.93,77554.83,77643.09,77100.36,8.74,0,15371.9,15287.5,15401.9,15279.8,0.01,3787.25,3796,3809.95,3780.05,2.85,0,83.62,83.42,83.68,83.42,0
21/06/24,77209.9,77729.48,77808.45,76802,23.24,0,15371.6,15371.9,15390.4,15313,0,3810.75,3827,3877.8,3798.05,4.64,0.01,83.56,83.65,83.65,83.48,0
24/06/24,77341.08,76885.65,77423.02,76745.94,13.92,0,15489.2,15371.6,15556,15371.6,0.01,3816.8,3808.75,3857,3791.3,1.7,0,83.45,83.56,83.59,83.41,0
25/06/24,78053.52,77529.19,78164.71,77459.6,8.83,0.01,15389.2,15489.2,15489.2,15342.3,-0.01,3838.45,3817,3847.65,3792.9,1.34,0.01,83.4,83.44,83.51,83.39,0
26/06/24,78674.25,78094.02,78759.4,77945.94,8.56,0.01,15365.5,15389.2,15391.4,15306.1,0,3855.85,3844.5,3866.95,3841,1.64,0,83.56,83.45,83.63,83.41,0
27/06/24,79243.18,78758.67,79396.03,78467.34,9.6,0.01,15356.1,15365.5,15375.5,15292.7,0,3934.15,3831,3942,3818.1,4.53,0.02,83.44,83.58,83.6,83.41,0
28/06/24,79032.73,79457.58,79671.58,78905.89,17.24,0,15358.5,15356.1,15452.9,15302.9,0,3904.15,3917.8,3960,3897.85,2.73,-0.01,83.36,83.46,83.49,83.33,0
01/07/24,79476.19,79043.35,79561,78971.79,14.05,0.01,15316.6,15358.5,15473.5,15289.3,0,3978.2,3884,4001.7,3884,2.66,0.02,83.44,83.38,83.48,83.35,0
02/07/24,79441.45,79840.37,79855.87,79231.11,9.05,0,15352.3,15316.6,15354.4,15270.1,0,4017.4,3993.6,4023.4,3982.55,2.31,0.01,83.5,83.44,83.57,83.42,0
03/07/24,79986.8,80013.77,80074.3,79754.95,7.61,0.01,15351,15352.3,15404.5,15318.1,0,3965.25,4020,4026.1,3955,1.82,-0.01,83.52,83.5,83.56,83.44,0
04/07/24,80049.67,80321.79,80392.64,79986.41,8.8,0,15351,15352.3,15404.5,15318.1,0,4020.95,3999.85,4047.35,3982.1,2.52,0.01,83.48,83.5,83.56,83.46,0
05/07/24,79996.6,79778.98,80149.87,79478.96,16.23,0,15363.6,15351,15369.9,15270.1,0,4011.8,4010,4026.75,3988,1.67,0,83.5,83.5,83.53,83.46,0
08/07/24,79960.38,79915,80067.46,79731.83,14.07,0,15333.7,15363.6,15413.6,15304.4,0,3993.2,4022,4031.25,3978.05,1.76,0,83.5,83.5,83.52,83.43,0
09/07/24,80351.64,80107.21,80397.17,79998.56,6.23,0,15333.7,15333.7,15395.5,15284.4,0,3985.5,3985,4006.95,3975.1,1.31,0,83.47,83.48,83.52,83.45,0
10/07/24,79924.77,80481.36,80481.36,79435.76,9.34,-0.01,15434.5,15333.7,15437.6,15302.8,0.01,3909.15,3983.7,4003.3,3902,2.67,-0.02,83.51,83.49,83.55,83.47,0
11/07/24,79897.34,80170.09,80170.09,79464.38,8.19,0,15547.3,15434.5,15557,15426.1,0.01,3923.7,3931,3980,3895.6,4.87,0,83.51,83.52,83.61,83.47,0
12/07/24,80519.34,80093.62,80893.51,79843.39,18.4,0.01,15617.9,15547.3,15689.8,15547.3,0,4183.95,3980,4199.95,3971.3,13.51,0.07,83.51,83.51,83.56,83.48,0
15/07/24,80664.86,80686.54,80862.54,80556.97,16.23,0,15661.1,15617.9,15723.2,15617.9,0,4169.2,4235.7,4240,4157.05,4.85,0,83.55,83.51,83.63,83.49,0
16/07/24,80716.55,80731.49,80898.3,80598.06,8.69,0,15875.9,15661.1,15881.3,15661.1,0.01,4178.45,4172,4194.55,4144.9,2.03,0,83.52,83.59,83.63,83.53,0
18/07/24,81343.46,80514.25,81522.55,80390.37,9.26,0.01,15716.7,15927.6,15974,15694.7,-0.01,4315.55,4160,4325,4160,5.61,0.03,83.58,83.58,83.68,83.56,0
19/07/24,80604.65,81585.06,81587.76,80499.1,16.13,-0.01,15659.7,15716.7,15765.7,15644.1,0,4302.4,4317.4,4358.75,4285.25,3.9,0,83.72,83.67,83.74,83.6,0
22/07/24,80502.08,80408.9,80800.92,80100.65,11.4,0,15707.3,15659.7,15727.5,15622.4,0,4287.35,4299.95,4319.95,4265,1.9,0,83.65,83.74,83.74,83.64,0
23/07/24,80429.04,80724.3,80766.41,79224.32,13.07,0,15697.3,15707.3,15762.5,15682.4,0,4302.35,4283,4361.7,4266.3,2.37,0,83.68,83.66,83.73,83.61,0
24/07/24,80148.88,80343.38,80519.58,79750.51,9.89,0,15607.6,15697.3,15697.3,15590.7,-0.01,4306.25,4287.5,4339.1,4268.1,1.81,0,83.71,83.69,83.74,83.68,0
25/07/24,80039.8,79542.11,80143.1,79477.83,9.65,0,15661.6,15607.6,15838.1,15607.6,0,4322.5,4295,4343,4274.2,2.81,0,83.72,83.77,83.81,83.65,0
26/07/24,81332.72,80158.5,81427.18,80013.6,18.4,0.02,15837,15661.6,15909.5,15661.6,0.01,4387.85,4350,4422.45,4337.05,3.55,0.02,83.7,83.76,83.77,83.7,0
29/07/24,81355.84,81679.65,81908.43,81135.91,19.44,0,15815.1,15837,15857,15755.9,0,4381.1,4415,4431,4371,1.75,0,83.75,83.73,83.77,83.7,0
30/07/24,81455.4,81349.28,81815.27,81230.44,10.76,0,15869.2,15815.1,15903,15786.3,0,4365.35,4391.1,4398,4327.3,1.8,0,83.72,83.75,83.76,83.7,0
31/07/24,81741.34,81655.9,81828.04,81434.32,6.92,0,15913.2,15869.2,16015.9,15869.2,0,4385.35,4350,4414,4345,2.33,0,83.7,83.76,83.77,83.65,0
01/08/24,81867.55,81949.68,82129.49,81700.21,14.52,0,15860.7,15913.2,16012.2,15787,0,4397.1,4399.4,4419.3,4365.05,2.2,0,83.71,83.71,83.76,83.65,0
02/08/24,80981.95,81158.99,81345.6,80868.91,19.47,-0.01,15662,15860.7,15860.7,15495.2,-0.01,4283.05,4365,4398,4270,2.81,-0.03,83.79,83.75,83.82,83.72,0
05/08/24,78759.4,78588.19,79780.61,78295.86,25.06,-0.03,15275.3,15662,15662,15221.4,-0.02,4155.05,4239,4239,4110.5,2.79,-0.03,84.02,83.79,84.18,83.76,0
06/08/24,78593.07,78981.97,79852.08,78496.57,8.85,0,15412,15275.3,15583.8,15275.3,0.01,4171.2,4170.95,4258.25,4160.8,2.2,0,83.93,84,84,83.83,0
07/08/24,79468.01,79565.4,79639.2,79106.2,8.6,0.01,15348.5,15412,15612.8,15340.5,0,4200.45,4228,4244.95,4180.3,1.24,0.01,83.89,83.96,83.99,83.88,0
08/08/24,78886.22,79420.49,79626.92,78798.94,8.91,-0.01,15624.1,15348.5,15639.2,15348.5,0.02,4172.55,4181,4232,4160,2.44,-0.01,83.99,83.94,84.01,83.92,0
09/08/24,79705.91,79984.24,79984.24,79549.09,8.81,0.01,15690.8,15624.1,15729.8,15579.9,0,4228.75,4217,4253.65,4205.55,1.3,0.01,83.95,84.02,84.02,83.87,0
12/08/24,79648.92,79330.12,80106.18,79226.13,10.46,0,15646.8,15690.8,15726.3,15609.5,0,4195.65,4230,4239,4186.35,936.91,-0.01,83.93,83.92,83.99,83.9,0
13/08/24,78956.03,79552.51,79692.55,78889.38,7.39,-0.01,15770.9,15646.8,15776.3,15646.2,0.01,4196.95,4213,4234,4183,1.5,0,83.91,83.95,83.98,83.91,0
14/08/24,79105.88,79065.22,79228.94,78895.72,10.69,0,15887.9,15770.9,15913.5,15768.4,0.01,4295.25,4209,4306.2,4188.15,3.23,0.02,83.96,83.92,83.99,83.9,0
16/08/24,80436.84,79754.85,80518.21,79306.69,13.13,0.02,16062.4,16032.7,16078.8,15997.5,0,4416.05,4350,4427,4325.1,3.46,0.03,83.88,83.95,83.98,83.89,0
19/08/24,80424.68,80680.25,80724.4,80332.65,10.28,0,16138,16062.4,16153.5,16062.4,0,4490,4421,4494.25,4390.35,2.06,0.02,83.85,83.87,83.95,83.83,0
20/08/24,80802.86,80722.54,80942.96,80517.95,6.64,0,16124.9,16138,16170.8,16097.9,0,4523.3,4505,4565,4500,2.21,0.01,83.75,83.81,83.88,83.74,0
21/08/24,80905.3,80667.25,80952.83,80626.38,5.77,0,16170.9,16124.9,16182.8,16113.6,0,4551.5,4518,4560,4492.55,1.9,0.01,83.87,83.81,83.95,83.75,0
22/08/24,81053.19,81207.24,81236.45,80954.02,5.83,0,16168.9,16170.9,16220.6,16108.3,0,4502,4560,4560.95,4497.2,1.83,-0.01,83.93,83.9,83.99,83.88,0
23/08/24,81086.21,81165.65,81231.49,80883.26,10.39,0,16299.3,16168.9,16306.5,16168.9,0.01,4463.9,4500,4506,4455,1.81,-0.01,83.81,83.93,83.95,83.8,0
26/08/24,81698.11,81388.26,81824.27,81278.44,16.17,0.01,16350.4,16299.3,16408.3,16299.3,0,4502.45,4489,4552.15,4485,1.84,0.01,83.84,83.81,83.92,83.79,0
27/08/24,81711.76,81815.23,81919.11,81600.51,5.73,0,16356.7,16350.4,16378.2,16317.7,0,4497.15,4505,4510,4486.8,930.7,0,83.91,83.87,83.97,83.87,0
28/08/24,81785.56,81779.84,82039.26,81578.32,5.1,0,16333.6,16356.7,16417.3,16258,0,4506.05,4498.75,4562.5,4457.3,1.85,0,83.9,83.96,83.99,83.91,0
29/08/24,82134.61,81822.56,82285.83,81682.78,8.42,0,16403.5,16333.6,16467.6,16307.2,0,4511.8,4460,4556,4460,2.13,0,83.88,83.94,83.96,83.84,0
30/08/24,82365.77,82637.03,82637.03,82256.02,10.31,0,16537,16403.5,16543.5,16353.1,0.01,4553.75,4500,4592.25,4487.8,3.64,0.01,83.87,83.88,83.91,83.81,0
02/09/24,82559.84,82725.28,82725.28,82440.93,9.5,0,16537,16403.5,16543.5,16353.1,0.01,4521.05,4576,4588,4512,1.22,-0.01,83.88,83.88,83.95,83.85,0
03/09/24,82555.44,82652.69,82675.06,82400.76,4.32,0,16396.4,16537,16537,16336.8,-0.01,4512.35,4521.05,4555.9,4495.9,1.72,0,83.95,83.92,83.99,83.9,0
04/09/24,82352.64,81845.5,82408.54,81833.69,9.05,0,16394.7,16396.4,16469.5,16332.7,0,4479.25,4476.95,4487,4436.7,1.27,-0.01,83.96,83.99,84.02,83.94,0
05/09/24,82201.16,82469.79,82617.49,82130.44,6.96,0,16247.5,16394.7,16425.3,16185.6,-0.01,4475.95,4481,4499,4454.15,1.69,0,83.96,83.98,84,83.96,0
06/09/24,81183.93,82171.08,82254.79,80981.93,14.54,-0.01,16116.2,16247.5,16342.3,16095,-0.01,4456.75,4473.95,4518.95,4440,1.65,0,83.99,83.99,83.99,83.91,0
09/09/24,81559.54,80973.75,81653.36,80895.05,7.83,0,16305.1,16116.2,16365.6,16116.2,0.01,4449.55,4455,4490.25,4430.5,1.18,0,83.93,83.95,83.99,83.92,0
10/09/24,81921.29,81768.72,82196.55,81445.3,5.58,0,16301.2,16305.1,16370.1,16192.7,0,4507.85,4442.45,4539.95,4440.45,1.39,0.01,83.95,84.01,84.01,83.95,0
11/09/24,81523.16,81928.12,82134.95,81423.14,7.83,0,16273.6,16301.2,16301.2,15995.8,0,4479.35,4521.45,4549.35,4471.25,1.33,-0.01,83.96,83.98,84.01,83.93,0
12/09/24,82962.71,81930.18,83116.19,81534.29,8.35,0.02,16343,16273.6,16354.3,16202.7,0,4517.7,4510.25,4532.6,4431.3,2.74,0.01,83.92,84.02,84.02,83.92,0
13/09/24,82890.94,83091.55,83092.93,82653.22,12.72,0,16431.7,16343,16474.8,16343,0.01,4522.6,4530,4547,4505,1.46,0,83.88,83.93,83.96,83.84,0
16/09/24,82988.78,82985.33,83184.34,82832.82,6.86,0,16580.6,16431.7,16590.6,16431.7,0.01,4513.25,4527,4546.05,4494.45,1.16,0,83.84,83.88,83.92,83.83,0
17/09/24,83079.66,83084.63,83152.41,82866.68,9.83,0,16532.3,16580.6,16617.1,16483.1,0,4505.65,4513.25,4535.8,4466,1.7,0,83.75,83.91,83.91,83.7,0
18/09/24,82948.23,83037.13,83326.38,82700.63,5.08,0,16492.2,16532.3,16661.2,16482,0,4346.15,4497.05,4497.05,4321,2.96,-0.04,83.65,83.76,83.81,83.65,0
19/09/24,83184.8,83359.17,83773.61,83071.66,6.63,0,16613.4,16492.2,16657.3,16492.2,0.01,4296.15,4390.05,4422.2,4281.8,2.93,-0.01,83.62,83.69,83.75,83.56,0
20/09/24,84544.31,83603.04,84694.46,83187.64,28.72,0.02,16620.2,16613.4,16637.4,16540.6,0,4284.9,4316.9,4330.7,4227.5,5.45,0,83.49,83.62,83.64,83.47,0
23/09/24,84928.61,84651.15,84980.53,84607.38,11.12,0,16658.6,16620.2,16671.2,16612.7,0,4268.5,4300,4309.4,4253,1.7,0,83.53,83.48,83.58,83.44,0
24/09/24,84914.04,84860.73,85163.23,84716.07,8.73,0,16648.6,16658.6,16674.8,16606.1,0,4271.3,4251.65,4291,4240,3.01,0,83.6,83.57,83.69,83.52,0
25/09/24,85169.87,84836.45,85247.42,84743.04,13.52,0,16557.2,16648.6,16690.9,16536,-0.01,4274.75,4252.35,4289.6,4240,2.71,0,83.6,83.61,83.65,83.51,0
26/09/24,85836.12,85167.56,85930.43,85106.74,9.14,0.01,16587.6,16557.2,16616.6,16553,0,4292.5,4260,4316.8,4260,3.96,0,83.6,83.64,83.73,83.59,0
27/09/24,85571.85,85893.84,85978.25,85474.58,9.36,0,16626.4,16587.6,16696.5,16587.6,0,4308.7,4335,4378,4300.05,3.01,0,83.71,83.62,83.73,83.6,0
30/09/24,84299.78,85208.76,85359.65,84257.14,10.95,-0.01,16699.5,16626.4,16708.1,16544.1,0,4268.5,4286.9,4298.75,4260.05,2.5,-0.01,83.76,83.7,83.84,83.67,0
01/10/24,84266.29,84257.17,84648.4,84098.94,6.05,0,16675.5,16699.5,16719.9,16611,0,4287.9,4255.55,4295.75,4242.95,1.82,0,83.9,83.85,83.95,83.79,0
03/10/24,82497.1,83002.09,83752.81,82434.02,19.74,-0.02,16608.9,16683.5,16683.5,16561.7,0,4232.75,4262.6,4279,4210,3.35,-0.01,83.99,83.93,84.04,83.9,0
04/10/24,81688.45,82244.25,83368.32,81532.68,19.22,-0.01,16715.5,16608.9,16716,16585.8,0.01,4252.25,4225,4298,4224.05,2.97,0,84.02,83.98,84.05,83.94,0
07/10/24,81050,81926.99,82137.77,80726.06,17.66,-0.01,16609.7,16715.5,16726.7,16570,-0.01,4272.85,4273.9,4297.25,4229.4,1.47,0,83.98,84.01,84.02,83.95,0
08/10/24,81634.81,80826.56,81763.28,80813.07,7.16,0.01,16658.6,16609.7,16677.1,16608.2,0,4253.25,4272.6,4279.4,4203.95,1.54,0,83.95,83.97,84,83.92,0
09/10/24,81467.1,81954.58,82319.21,81342.89,7.51,0,16795.7,16658.6,16812.2,16636,0.01,4252.95,4260,4295,4246.7,1.08,0,83.95,83.94,83.98,83.89,0
10/10/24,81611.41,81832.66,82002.84,81538.94,7.61,0,16734.9,16795.7,16795.7,16695.9,0,4227.4,4253.25,4293.85,4198.6,2.38,-0.01,83.94,83.94,83.99,83.93,0
11/10/24,81381.36,81478.49,81671.38,81304.15,8.7,0,16934.3,16734.9,16947.1,16734.9,0.01,4149.2,4143,4241.95,4112.45,5.76,-0.02,84.1,83.97,84.12,83.94,0
14/10/24,81973.05,81576.93,82072.17,81541.2,7.67,0.01,17022.3,16934.3,17044.1,16912,0.01,4136.65,4140,4165.4,4122.2,2.14,0,84.05,84.07,84.11,84.02,0
15/10/24,81820.12,82101.86,82300.44,81635.57,5.51,0,16930.4,17022.3,17053,16917.6,-0.01,4116.8,4131.05,4169.95,4095,2.76,0,84.04,84.07,84.09,84.02,0
16/10/24,81501.36,81646.6,81932.15,81358.26,5.58,0,17066.6,16930.4,17078.7,16930.4,0.01,4094.95,4085,4115,4067.2,2.36,-0.01,84.03,84.05,84.1,83.98,0
17/10/24,81006.61,81758.07,81781.4,80905.64,6.84,-0.01,17039.8,17066.6,17099.2,17026.1,0,4109,4112.8,4129.95,4092.95,2.52,0,84.04,84.04,84.08,84,0
18/10/24,81224.75,80749.26,81391.15,80409.25,9.31,0,17054.7,17039.8,17076.2,16973.5,0,4123.05,4090,4146.15,4080,2.36,0,84.07,84.05,84.09,84.03,0
21/10/24,81151.27,81770.02,81770.02,80811.23,7.6,0,16909.3,17054.7,17059.9,16894.4,-0.01,4079.85,4132.6,4139.95,4070,1.6,-0.01,84.07,84.08,84.09,84.04,0
22/10/24,80220.72,81155.08,81504.24,80149.53,5.59,-0.01,16863.4,16909.3,16909.3,16791.2,0,4015.5,4066,4089.8,4006.35,1.93,-0.02,84.07,84.08,84.1,84.05,0
23/10/24,80081.98,79921.13,80646.31,79891.68,6.18,0,16828.7,16863.4,16863.4,16749.2,0,4066.25,3999.6,4113.55,3995.15,1.97,0.01,84.06,84.11,84.12,84.06,0
24/10/24,80065.16,80098.3,80259.82,79813.02,4.83,0,16761.5,16828.7,16828.7,16719.5,0,4047.9,4004,4079,4004,2.68,0,84.05,84.09,84.1,84.05,0
25/10/24,79402.29,80187.34,80253.19,79137.98,13.91,-0.01,16625.9,16761.5,16818.1,16609.1,-0.01,4057.55,4057.05,4092,4032.7,1.76,0,84.1,84.09,84.11,84.06,0
28/10/24,80005.04,79653.67,80539.81,79418.82,10.75,0.01,16698.2,16625.9,16720.2,16625.9,0,4090.85,4068.95,4134,4051,1.53,0.01,84.06,84.09,84.1,84.05,0
29/10/24,80369.03,80037.2,80450.48,79421.35,9.63,0,16608.2,16698.2,16713.2,16607.5,-0.01,4075.25,4095.85,4103.5,4060.1,1.45,0,84.05,84.09,84.1,84.04,0
30/10/24,79942.18,80237.85,80435.61,79821.99,5.93,-0.01,16563.7,16608.2,16642.8,16507.2,0,4084.65,4075,4107,4060.05,1.94,0,84.08,84.06,84.11,84.06,0
31/10/24,79389.06,80044.95,80044.95,79287.93,9.27,-0.01,16461.7,16563.7,16578.9,16460.9,-0.01,3968.45,4070,4078.3,3960,3.74,-0.03,84.06,84.09,84.14,84.06,0
01/11/24,79724.12,80023.75,80023.75,79655.55,2.25,0,16488.7,16461.7,16611.4,16461.7,0,3984.2,3989.85,3998.95,3976.05,154.9,0,84.08,84.08,84.11,84.04,0
04/11/24,78782.24,79713.14,79713.14,78232.6,9.48,-0.01,16439.4,16488.7,16527.6,16385.5,0,3964.15,3966.3,3991.9,3913.25,2.27,-0.01,84.13,84.06,84.15,84.05,0
05/11/24,79476.63,78542.16,79523.13,78296.7,8.62,0.01,16582.9,16439.4,16584.1,16428.7,0.01,3971.35,3941.1,3986,3941.1,967.59,0,84.11,84.15,84.18,84.09,0
06/11/24,80378.13,79771.82,80569.73,79459.12,20.21,0.01,16956.2,16582.9,17001.5,16582.9,0.02,4139.65,4003.6,4149.8,3975.25,3.79,0.04,84.31,84.12,84.36,84.12,0
07/11/24,79541.79,80563.42,80563.42,79419.34,8.18,-0.01,16920.2,16956.2,16986.4,16890.7,0,4150.9,4169.7,4205.8,4085.05,3.72,0,84.29,84.31,84.4,84.26,0
08/11/24,79486.32,79611.9,79807.26,79117.37,10.34,0,17055.3,16920.2,17126.5,16920.2,0.01,4147,4155,4169.75,4117.65,1.65,0,84.4,84.31,84.4,84.3,0
11/11/24,79496.15,79298.46,80102.14,79001.34,16.91,0,17124.8,17055.3,17211.1,17055.3,0,4198.7,4128.2,4234.3,4117.65,1.41,0.01,84.38,84.38,84.43,84.36,0
12/11/24,78675.18,79644.95,79820.98,78547.84,6.36,-0.01,17014.9,17124.8,17140,16988.4,-0.01,4197.4,4216,4218,4164.35,1.59,0,84.38,84.38,84.43,84.36,0
13/11/24,77690.95,78495.53,78690.02,77533.3,7.41,-0.01,17048.1,17014.9,17109.6,17001.1,0,4150.35,4178.1,4196.75,4131.05,1.1,-0.01,84.42,84.38,84.43,84.36,0
14/11/24,77580.31,77636.94,78055.52,77424.81,10.1,0,16929.4,17048.1,17072.3,16917.8,-0.01,4145.9,4135,4160,4116.45,1.83,0,84.46,84.42,84.49,84.38,0
18/11/24,77339.01,77863.54,77886.97,76965.06,8.24,0,16896.1,16867.5,16910.7,16827.6,0,4019.5,4213,4213,3990.2,3.31,-0.03,84.4,84.44,84.46,84.37,0
19/11/24,77578.38,77548,78451.65,77411.31,7.15,0,16851.1,16896.1,16896.1,16744.9,0,4039.55,4019.9,4132.15,4014.1,1.78,0.01,84.39,84.4,84.44,84.37,0
21/11/24,77155.79,77711.11,77711.11,76802.73,8.82,-0.01,17084.9,16889.9,17132,16889.9,0.01,4072.85,4044.9,4092.45,4024,2.38,0.01,84.5,84.37,84.52,84.36,0
22/11/24,79117.11,77349.74,79218.19,77226.69,17.05,0.03,17219.6,17084.9,17230.3,17084.9,0.01,4244.6,4071,4254.95,4054,3.1,0.04,84.43,84.5,84.52,84.4,0
25/11/24,80109.85,80193.47,80473.08,79765.99,13.98,0.01,17307.4,17219.6,17364.3,17219.6,0.01,4315.1,4280,4328.1,4252.2,4.05,0.02,84.26,84.41,84.44,84.24,0
26/11/24,80004.06,80415.47,80482.36,79798.67,10.44,0,17379.4,17307.4,17402.2,17272.7,0,4352.7,4321.05,4366.6,4310,2.06,0.01,84.32,84.27,84.37,84.23,0
27/11/24,80234.08,80121.03,80511.15,79844.49,5.7,0,17376.2,17379.4,17468,17365.3,0,4332.55,4358.95,4377.4,4324.05,1.56,0,84.41,84.32,84.48,84.32,0
28/11/24,79043.74,80281.64,80447.4,78918.92,7.91,-0.01,17376.2,17379.4,17468,17365.3,0,4244.9,4319,4339.95,4233,2.56,-0.02,84.45,84.44,84.52,84.43,0
29/11/24,79802.79,79032.99,79923.9,79026.18,8.92,0.01,17412.2,17376.2,17472.8,17376.2,0,4270.85,4220,4298.7,4195.65,2.02,0.01,84.56,84.48,84.64,84.46,0
02/12/24,80248.08,79743.87,80337.82,79308.95,7.3,0.01,17314,17412.2,17438.5,17281.6,-0.01,4276.65,4270,4288.2,4230.05,1.67,0,84.74,84.57,84.76,84.56,0
03/12/24,80845.75,80529.2,80949.1,80244.78,9.4,0.01,17250.5,17314,17355.1,17240.9,0,4302.75,4314.35,4325,4265.45,2.01,0.01,84.68,84.73,84.8,84.63,0
04/12/24,80956.33,81036.22,81245.39,80630.53,7.24,0,17249.1,17250.5,17291.6,17204.5,0,4354.4,4313.55,4386.95,4289.05,3.3,0.01,84.69,84.69,84.78,84.64,0
05/12/24,81765.86,81182.74,82317.74,80467.37,7.51,0.01,17188.1,17249.1,17266.4,17186.2,0,4464.05,4400.8,4489,4360,3.75,0.03,84.68,84.71,84.76,84.67,0
06/12/24,81709.12,81887.54,81925.91,81506.19,8.84,0,17155.5,17188.1,17242.1,17144.2,0,4445.5,4453,4465,4412.75,1.84,0,84.67,84.69,84.72,84.53,0
09/12/24,81508.46,81602.58,81783.28,81411.55,6.36,0,17026.7,17155.5,17181.6,17021.3,-0.01,4452.15,4430.45,4469.4,4415.55,2.07,0,84.83,84.7,84.91,84.68,0
10/12/24,81510.05,81575.96,81726.34,81182.69,5.61,0,16978,17026.7,17040.2,16935.9,0,4432.55,4426.15,4493.8,4412.1,2.09,0,84.88,84.85,84.91,84.78,0
11/12/24,81526.14,81568.39,81742.37,81383.42,6.28,0,16916,16978,17000.9,16913.6,0,4427.45,4431.85,4448.65,4407,1.64,0,84.8,84.89,84.92,84.8,0
12/12/24,81289.96,81476.76,81680.97,81211.64,7.8,0,16825.2,16916,16952.7,16819.3,-0.01,4454.95,4430.05,4485,4426,1.91,0.01,84.83,84.85,84.9,84.82,0
13/12/24,82133.12,81212.45,82213.92,80082.82,11.31,0.01,16792.5,16825.2,16847.4,16772,0,4473.9,4434.95,4494.9,4394.4,1.97,0,84.78,84.83,84.9,84.77,0
16/12/24,81748.57,82000.31,82116.44,81551.28,5.17,0,16686.7,16792.5,16828.8,16671.3,-0.01,4415.2,4459,4475,4397,1.65,-0.01,84.89,84.85,84.93,84.79,0
17/12/24,80684.45,81511.81,81613.64,80612.2,4.89,-0.01,16618.6,16686.7,16686.7,16575.7,0,4328.5,4410,4432.95,4318,3.23,-0.02,84.9,84.88,84.96,84.88,0
18/12/24,80182.2,80666.26,80868.02,80050.07,4.67,-0.01,16236.5,16618.6,16676.5,16230.5,-0.02,4347.85,4311.7,4362,4289.6,1.58,0,84.87,84.91,84.98,84.84,0
19/12/24,79218.05,79029.03,79516.17,79020.08,6.53,-0.01,16223.3,16236.5,16413.4,16218.2,0,4271.9,4282,4364,4262,3.02,-0.02,85.09,85.04,85.15,84.99,0
20/12/24,78041.59,79335.48,79587.15,77874.59,9,-0.01,16393.8,16223.3,16525.9,16217,0.01,4170.3,4329,4382,4152.5,4.12,-0.02,84.95,85.11,85.11,84.94,0
23/12/24,78540.17,78488.64,78918.12,78189.19,10.32,0.01,16444.2,16393.8,16461.2,16272.5,0,4158.3,4200.05,4217,4114.9,2.2,0,85.1,84.96,85.14,84.92,0
24/12/24,78472.87,78707.37,78877.36,78397.79,6.18,0,16579.9,16444.2,16580.3,16433.5,0.01,4179.5,4158.3,4218,4158.3,1.18,0.01,85.18,85.1,85.22,85.08,0
26/12/24,78472.48,78557.28,78898.37,78173.38,5.57,0,16592.7,16579.9,16611.3,16521.9,0,4169.1,4179.5,4199.95,4143.15,1.21,0,85.25,85.2,85.32,85.2,0
27/12/24,78699.07,78607.62,79043.15,78598.55,7.69,0,16480.7,16592.7,16596.1,16413,-0.01,4164.85,4163,4180.95,4147.25,858.1,0,85.39,85.25,85.82,85.23,0
30/12/24,78248.13,78637.58,79092.7,78077.13,8.94,-0.01,16315.8,16480.7,16480.7,16219.4,-0.01,4158.8,4151,4199.3,4112,1.53,0,85.47,85.44,85.61,85.43,0
31/12/24,78139.01,77982.57,78305.34,77560.79,6.07,0,16343.6,16315.8,16395.1,16279.4,0,4094.8,4135,4139.95,4032.05,1.56,-0.02,85.55,85.54,85.69,85.52,0
01/01/25,78507.41,78265.07,78756.49,77898.3,4.96,0,16343.6,16315.8,16395.1,16279.4,0,4112.45,4094.4,4134,4085.45,763.16,0,85.65,85.63,85.72,85.63,0
02/01/25,79943.71,78657.52,80032.87,78542.37,8.63,0.02,16323.8,16343.6,16481.4,16252.6,0,4175.75,4120,4183,4096.95,1.72,0.02,85.76,85.65,85.8,85.63,0
03/01/25,79223.11,80072.99,80072.99,79109.73,10.86,-0.01,16447.9,16323.8,16471.4,16323.8,0.01,4099.9,4179.95,4179.95,4092.3,1.79,-0.02,85.76,85.84,85.84,85.71,0
06/01/25,77964.99,79281.65,79532.67,77781.62,11.77,-0.02,16392.5,16447.9,16543.7,16369.2,0,4095,4105.5,4149.65,4066.4,2.09,0,85.7,85.82,85.86,85.6,0
07/01/25,78199.11,78019.8,78452.74,77925.09,9.4,0,16381.7,16392.5,16498.2,16336.4,0,4028.3,4114.95,4140.35,4011.55,2.67,-0.02,85.8,85.71,85.81,85.65,0
08/01/25,78148.49,78319.45,78319.45,77486.79,10.09,0,16436.1,16381.7,16443.9,16303.2,0,4108.4,4034.9,4126,4017.75,2.18,0.02,85.92,85.78,85.94,85.77,0
09/01/25,77620.21,78206.21,78206.21,77542.92,6.83,-0.01,16436.1,16381.7,16443.9,16303.2,0,4038.85,4101,4137.75,4025.3,2.39,-0.02,85.89,85.92,85.95,85.83,0
10/01/25,77378.91,77682.59,77919.7,77099.55,8.46,0,16213.5,16436.1,16436.1,16188.7,-0.01,4198.72,4134.1,4229.58,4104.57,7.89,0.04,86.17,85.92,86.2,85.86,0
13/01/25,76330.01,76629.9,77128.35,76249.72,13.55,-0.01,16333.1,16213.5,16337.7,16171.2,0.01,4223.77,4178.39,4255.12,4161.07,4,0.01,86.65,86.18,86.73,86.09,0.01
14/01/25,76499.63,76335.75,76835.61,76335.75,16.84,0,16404.8,16333.1,16406,16266.1,0,4166.63,4234.5,4246.21,4152.85,3.44,-0.01,86.53,86.65,86.72,86.47,0
15/01/25,76724.08,76900.14,76991.05,76479.7,12.79,0,16592,16404.8,16624.9,16404.8,0.01,4182.92,4151.82,4189.66,4141.43,1.65,0,86.38,86.53,86.6,86.3,0
16/01/25,77042.82,77319.5,77319.5,76895.51,8.65,0,16699.2,16592,16714,16567.9,0.01,4140.3,4193.16,4226.62,4126.08,2.64,-0.01,86.57,86.44,86.65,86.38,0
17/01/25,76619.33,77069.19,77069.19,76263.29,9.69,-0.01,16751.9,16699.2,16806.8,16699.2,0,4124.3,4159.9,4160.6,4100.05,1.76,0,86.57,86.61,86.67,86.52,0
20/01/25,77073.44,76978.53,77318.94,76584.84,11.34,0.01,16751.9,16699.2,16806.8,16699.2,0,4077.8,4145.8,4145.8,4068.1,1.29,-0.01,86.21,86.56,86.58,86.2,0
21/01/25,75838.36,77261.72,77337.36,75641.87,32.92,-0.02,16977.5,16751.9,16982.3,16751.9,0.01,4035.85,4095.3,4111,4030,1.97,-0.01,86.45,86.21,86.62,86.21,0
22/01/25,76404.99,76114.42,76463.13,75816.5,16.04,0.01,16945.9,16977.5,17010.4,16924.2,0,4156.6,4050,4163.15,4044.2,2.41,0.03,86.45,86.45,86.6,86.3,0
23/01/25,76520.38,76414.52,76743.54,76202.12,11.19,0,17130,16945.9,17130,16945.9,0.01,4145.45,4168,4191.35,4140.05,1.82,0,86.43,86.48,86.53,86.37,0
24/01/25,76190.46,76455.35,76985.95,76091.75,7.82,0,17143,17130,17175.6,17105.1,0,4152.35,4104,4178,4104,1.91,0,86.2,86.45,86.48,86.15,0
27/01/25,75366.17,75700.43,75925.72,75267.59,9.54,-0.01,17293.3,17143,17297.1,17084.6,0.01,4065.15,4102,4156.35,4041.05,1.55,-0.02,86.35,86.24,86.46,86.23,0
28/01/25,75901.41,75659,76512.96,75622.88,13,0.01,17226.3,17293.3,17316.1,17212.2,0,4040.3,4070.8,4102,4028.3,2.47,-0.01,86.58,86.4,86.6,86.39,0
29/01/25,76532.96,76138.24,76599.73,75975.8,10.16,0.01,17174.7,17226.3,17285.6,17144.2,0,4099.8,4054,4107.85,4054,1.22,0.01,86.63,86.57,86.65,86.49,0
30/01/25,76759.81,76598.84,76962.88,76401.13,18.55,0,17342.6,17174.7,17378.2,17174.7,0.01,4100.05,4099.9,4129.9,4058.5,1.53,0,86.55,86.55,86.66,86.54,0
31/01/25,77500.57,76888.89,77605.96,76833.87,12.63,0.01,17225.7,17342.6,17377.2,17215.8,-0.01,4112.4,4110,4128.45,4085.25,1.49,0,86.54,86.67,86.68,86.55,0
01/02/25,77505.96,77637.01,77899.05,77006.47,15.89,0,17225.7,17342.6,17377.2,17215.8,-0.01,4073.15,4113,4135.9,4056,437.17,-0.01,86.54,86.67,86.68,86.55,0
03/02/25,77186.74,77063.94,77260.37,76756.09,11.44,0,17210.3,17225.7,17270.5,17001.3,0,4068.65,4030.9,4077,3998.7,1.27,0,86.96,86.92,87.31,86.89,0
04/02/25,78583.81,77687.6,78658.59,77402.37,11.75,0.02,17216.9,17210.3,17234.5,17147.4,0,4107.05,4083.7,4118.85,4066.05,2.55,0.01,87.07,86.98,87.14,86.95,0
05/02/25,78271.28,78704.6,78735.41,78216.25,7.99,0,17334.7,17216.9,17336.1,17188.4,0.01,4091.1,4150,4150,4076,1.69,0,87.34,87.08,87.5,87.08,0
06/02/25,78058.16,78513.36,78551.66,77843.99,7.99,0,17366.2,17334.7,17412.6,17294.5,0,4082.75,4105.4,4139.5,4051.55,2.28,0,87.58,87.34,87.68,87.33,0
07/02/25,77860.19,78119.6,78356.98,77475.74,10.95,0,17289.2,17366.2,17447.1,17282,0,4029.4,4090,4090,4008,1.55,-0.01,87.63,87.6,87.66,87.31,0
10/02/25,77311.8,77789.3,77849.58,77106.89,7.03,-0.01,17340.3,17289.2,17360.4,17249.4,0,4036.95,4040,4052,4014.35,1.34,0,87.47,87.99,88,87.43,0
11/02/25,76293.6,77384.98,77387.28,76030.59,9.83,-0.01,17403.4,17340.3,17414.3,17280.5,0,3963.55,4018.4,4040,3955,1.81,-0.02,86.79,87.48,87.57,86.64,-0.01
12/02/25,76171.08,76188.24,76459.72,75388.39,10.45,0,17318.8,17403.4,17403.4,17246.2,0,3950.15,3971.1,4021.75,3940.15,1.68,0,86.9,86.8,87.03,86.33,0
13/02/25,76138.97,76201.1,76764.53,76013.43,6.93,0,17417.6,17318.8,17437.4,17293.8,0.01,3910.15,3968,3984.45,3902.25,2.28,-0.01,86.69,86.95,87.01,86.69,0
14/02/25,75939.21,76388.99,76483.06,75439.64,9.25,0,17328.4,17417.6,17444.2,17320.1,-0.01,3934.85,3925,3948,3900,1.68,0.01,86.62,86.78,86.91,86.56,0
17/02/25,75996.86,75641.41,76041.96,75294.76,8.05,0,17328.4,17417.6,17444.2,17320.1,-0.01,3904.5,3856.5,3934,3856.2,1.8,-0.01,86.81,86.68,86.91,86.63,0
18/02/25,75967.39,76073.71,76091.69,75531.01,8.65,0,17394.7,17328.4,17395.1,17293,0,3873.2,3898.4,3924.4,3864.5,2.15,-0.01,86.87,86.86,86.99,86.84,0
19/02/25,75939.18,75787.27,76338.58,75581.38,5.05,0,17443.1,17394.7,17444.1,17344.2,0,3784.1,3872.2,3874.95,3768.15,4.37,-0.02,86.89,86.93,86.96,86.82,0
20/02/25,75735.96,75672.84,75794.15,75463.01,6.94,0,17327.4,17443.1,17443.1,17247.3,-0.01,3779.4,3761.5,3788,3751.3,2.89,0,86.56,86.9,86.93,86.54,0
21/02/25,75311.06,75612.61,75748.72,75112.41,12.72,-0.01,17124.1,17327.4,17327.4,17112.4,-0.01,3786,3776.1,3817,3775,1.83,0,86.57,86.51,86.78,86.46,0
24/02/25,74454.41,74893.45,74907.04,74387.44,6.4,-0.01,17159.4,17124.1,17231.2,17116.9,0,3675.6,3743.15,3763.2,3670,2.51,-0.03,86.66,86.66,86.76,86.51,0
25/02/25,74602.12,74440.3,74785.08,74400.37,10.7,0,17245.4,17159.4,17283.3,17108.3,0.01,3629.55,3625,3658,3621.25,4.1,-0.01,87.13,86.7,87.26,86.67,0.01
27/02/25,74612.43,74706.6,74834.09,74520.78,6.74,0,17189,17198.9,17380.9,17179,0,3612.55,3611.7,3638,3600.7,3.82,0,87.33,87.11,87.43,87.11,0
28/02/25,73198.1,74201.77,74282.43,73141.27,9.08,-0.02,17440.8,17189,17455.8,17143.3,0.01,3483.25,3584.95,3600,3457,7.09,-0.04,87.47,87.32,87.56,87.27,0
03/03/25,72854.19,73427.65,73645.72,72784.8,4.27,0,17440.8,17189,17455.8,17143.3,0.01,3501.35,3485,3517.1,3476.2,2.53,0.01,87.34,87.44,87.42,87.25,0